fruit,quan
ส้ม,2.397895273
แอปเปิล,3.33220451
กล้วย,4.276666119
เชอรี่,1.098612289
ฝรั่ง,1.609437912
แตงโม,2.079441542
